{
    "SSH-Patator": 0.02761430511543685,
    "bot": 0.22906292440018108,
    "benign": 0.5844273426889995,
    "portscan": 0.13897691263014939,
    "xss": 0.0009053870529651426,
    "infiltration": 0.019013128112267994
}